pagePath,deviceCategory,pageReferrer,searchTerm,country,city,totalUsers,sessions,averageSessionDuration,userEngagementDuration,bounceRate,date,hour,countryIsoCode
/,desktop,,,United States,Council Bluffs,1,1,0,0,1,20260920,5,US
/,mobile,,,United States,Ashburn,1,1,0,0,1,20260920,23,US
/,desktop,,,United States,(not set),1,1,0,3,1,20260921,9,US
/blog/analytics-google,desktop,https://www.google.com/,,India,Sahibzada Ajit Singh Nagar,1,1,0,0,1,20260921,12,IN
/blog/vimwiki-hugo,desktop,https://www.reddit.com/,,Germany,Dresden,1,1,0,0,1,20260921,13,DE
/,desktop,,,United States,Council Bluffs,1,1,0,0,1,20260922,1,US
/blog/grafana-dashboard,desktop,https://www.google.com/,,India,Kochi,1,1,0,0,1,20260922,8,IN
/blog/magic-wand,tablet,https://www.google.com/,,Egypt,(not set),1,1,0,3,1,20260922,20,EG
/blog/magic-wand,mobile,,,India,(not set),1,1,0,6,1,20260922,21,IN
/blog/magic-wand,mobile,,,Singapore,Singapore,1,1,0,6,1,20260922,21,SG
/,desktop,,,United States,Fort Bragg,1,1,0,3,1,20260923,16,US
/,desktop,,,United States,Council Bluffs,1,1,0,3,1,20260923,17,US
/,mobile,,,China,Xiamen,1,1,0,3,1,20260924,16,CN
/blog/vim-plugins,desktop,https://www.google.com/,,United States,Turner,1,1,0,0,1,20260924,18,US
/blog/vim-plugins,desktop,https://www.google.com/,,United States,Turner,1,1,0,0,1,20260924,23,US
/blog/vim-plugins,mobile,https://yandex.kz/,,Kazakhstan,Karaganda,1,1,0,3,1,20260925,12,KZ
/blog/analytics-google,desktop,https://www.google.com/,,Pakistan,Karachi,1,1,0,3,1,20260925,23,PK
/blog/image-rotation-opencv,desktop,https://www.google.com/,,Netherlands,Zeist,1,1,0,3,1,20260926,12,NL
/blog/monitoring-grafana,mobile,https://www.google.com/,,Brazil,Mococa,1,1,0,0,1,20260926,13,BR
/,desktop,,,United States,Council Bluffs,1,1,0,3,1,20260926,17,US
/blog/magic-wand,desktop,,,Singapore,Singapore,1,1,0,3,1,20260926,17,SG
/blog/analytics-google,desktop,https://www.google.com/,,Pakistan,Karachi,1,1,0,2,1,20260926,19,PK
/,desktop,https://bing.com/,,United States,Glenview,1,1,0,3,1,20260926,20,US
